driver_id,name,driver_ref,code,number,nationality
1,Lewis Hamilton,hamilton,HAM,44.0,British
2,Nick Heidfeld,heidfeld,HEI,,German
3,Nico Rosberg,rosberg,ROS,6.0,German
4,Fernando Alonso,alonso,ALO,14.0,Spanish
5,Heikki Kovalainen,kovalainen,KOV,,Finnish
6,Kazuki Nakajima,nakajima,NAK,,Japanese
7,Sébastien Bourdais,bourdais,BOU,,French
8,Kimi Räikkönen,raikkonen,RAI,7.0,Finnish
9,Robert Kubica,kubica,KUB,88.0,Polish
10,Timo Glock,glock,GLO,,German
11,Takuma Sato,sato,SAT,,Japanese
12,Nelson Piquet Jr.,piquet_jr,PIQ,,Brazilian
13,Felipe Massa,massa,MAS,19.0,Brazilian
14,David Coulthard,coulthard,COU,,British
15,Jarno Trulli,trulli,TRU,,Italian
16,Adrian Sutil,sutil,SUT,99.0,German
17,Mark Webber,webber,WEB,,Australian
18,Jenson Button,button,BUT,22.0,British
19,Anthony Davidson,davidson,DAV,,British
20,Sebastian Vettel,vettel,VET,5.0,German
21,Giancarlo Fisichella,fisichella,FIS,,Italian
22,Rubens Barrichello,barrichello,BAR,,Brazilian
23,Ralf Schumacher,ralf_schumacher,SCH,,German
24,Vitantonio Liuzzi,liuzzi,LIU,,Italian
25,Alexander Wurz,wurz,WUR,,Austrian
26,Scott Speed,speed,SPE,,American
27,Christijan Albers,albers,ALB,,Dutch
28,Markus Winkelhock,markus_winkelhock,WIN,,German
29,Sakon Yamamoto,yamamoto,YAM,,Japanese
30,Michael Schumacher,michael_schumacher,MSC,,German
31,Juan Pablo Montoya,montoya,MON,,Colombian
32,Christian Klien,klien,KLI,,Austrian
33,Tiago Monteiro,monteiro,TMO,,Portuguese
34,Yuji Ide,ide,IDE,,Japanese
35,Jacques Villeneuve,villeneuve,VIL,,Canadian
36,Franck Montagny,montagny,FMO,,French
37,Pedro de la Rosa,rosa,DLR,,Spanish
38,Robert Doornbos,doornbos,DOO,,Dutch
39,Narain Karthikeyan,karthikeyan,KAR,,Indian
40,Patrick Friesacher,friesacher,FRI,,Austrian
41,Ricardo Zonta,zonta,ZON,,Brazilian
42,Antônio Pizzonia,pizzonia,PIZ,,Brazilian
43,Cristiano da Matta,matta,,,Brazilian
44,Olivier Panis,panis,,,French
45,Giorgio Pantano,pantano,,,Italian
46,Gianmaria Bruni,bruni,,,Italian
47,Zsolt Baumgartner,baumgartner,,,Hungarian
48,Marc Gené,gene,,,Spanish
49,Heinz-Harald Frentzen,frentzen,,,German
50,Jos Verstappen,verstappen,,,Dutch
51,Justin Wilson,wilson,,,British
52,Ralph Firman,firman,,,Irish
53,Nicolas Kiesa,kiesa,,,Danish
54,Luciano Burti,burti,,,Brazilian
55,Jean Alesi,alesi,,,French
56,Eddie Irvine,irvine,,,British
57,Mika Häkkinen,hakkinen,,,Finnish
58,Tarso Marques,marques,,,Brazilian
59,Enrique Bernoldi,bernoldi,,,Brazilian
60,Gastón Mazzacane,mazzacane,,,Argentine
61,Tomáš Enge,enge,,,Czech
62,Alex Yoong,yoong,,,Malaysian
63,Mika Salo,salo,,,Finnish
64,Pedro Diniz,diniz,,,Brazilian
65,Johnny Herbert,herbert,,,British
66,Allan McNish,mcnish,,,British
67,Sébastien Buemi,buemi,BUE,,Swiss
68,Toranosuke Takagi,takagi,,,Japanese
69,Luca Badoer,badoer,BAD,,Italian
70,Alessandro Zanardi,zanardi,,,Italian
71,Damon Hill,damon_hill,,,British
72,Stéphane Sarrazin,sarrazin,,,French
73,Ricardo Rosset,rosset,,,Brazilian
74,Esteban Tuero,tuero,,,Argentine
75,Shinji Nakano,nakano,,,Japanese
76,Jan Magnussen,magnussen,MAG,,Danish
77,Gerhard Berger,berger,,,Austrian
78,Nicola Larini,larini,,,Italian
79,Ukyo Katayama,katayama,,,Japanese
80,Vincenzo Sospiri,sospiri,,,Italian
81,Gianni Morbidelli,morbidelli,,,Italian
82,Norberto Fontana,fontana,,,Argentine
83,Pedro Lamy,lamy,,,Portuguese
84,Martin Brundle,brundle,,,British
85,Andrea Montermini,montermini,,,Italian
86,Giovanni Lavaggi,lavaggi,,,Italian
87,Mark Blundell,blundell,,,British
88,Aguri Suzuki,suzuki,,,Japanese
89,Taki Inoue,inoue,,,Japanese
90,Roberto Moreno,moreno,,,Brazilian
91,Karl Wendlinger,wendlinger,,,Austrian
92,Bertrand Gachot,gachot,,,Belgian
93,Domenico Schiattarella,schiattarella,,,Italian
94,Pierluigi Martini,martini,,,Italian
95,Nigel Mansell,mansell,,,British
96,Jean-Christophe Boullion,boullion,,,French
97,Massimiliano Papis,papis,,,Italian
98,Jean-Denis Délétraz,deletraz,,,Swiss
99,Gabriele Tarquini,tarquini,,,Italian
100,Érik Comas,comas,,,French
101,David Brabham,brabham,,,Australian
102,Ayrton Senna,senna,,,Brazilian
103,Éric Bernard,bernard,,,French
104,Christian Fittipaldi,fittipaldi,,,Brazilian
105,Michele Alboreto,alboreto,,,Italian
106,Olivier Beretta,beretta,,,Monegasque
107,Roland Ratzenberger,ratzenberger,,,Austrian
108,Paul Belmondo,belmondo,,,French
109,Jyrki Järvilehto,lehto,,,Finnish
110,Andrea de Cesaris,cesaris,,,Italian
111,Jean-Marc Gounon,gounon,,,French
112,Philippe Alliot,alliot,,,French
113,Philippe Adams,adams,,,Belgian
114,Yannick Dalmas,dalmas,,,French
115,Hideki Noda,noda,,,Japanese
116,Franck Lagorce,lagorce,,,French
117,Alain Prost,prost,,,French
118,Derek Warwick,warwick,,,British
119,Riccardo Patrese,patrese,,,Italian
120,Fabrizio Barbazza,barbazza,,,Italian
121,Michael Andretti,andretti,,,American
122,Ivan Capelli,capelli,,,Italian
123,Thierry Boutsen,boutsen,,,Belgian
124,Marco Apicella,apicella,,,Italian
125,Emanuele Naspetti,naspetti,,,Italian
126,Toshio Suzuki,toshio_suzuki,,,Japanese
127,Maurício Gugelmin,gugelmin,,,Brazilian
128,Eric van de Poele,poele,,,Belgian
129,Olivier Grouillard,grouillard,,,French
130,Andrea Chiesa,chiesa,,,Swiss
131,Stefano Modena,modena,,,Italian
132,Giovanna Amati,amati,,,Italian
133,Alex Caffi,caffi,,,Italian
134,Enrico Bertaggia,bertaggia,,,Italian
135,Perry McCarthy,mccarthy,,,British
136,Jan Lammers,lammers,,,Dutch
137,Nelson Piquet,piquet,,,Brazilian
138,Satoru Nakajima,satoru_nakajima,,,Japanese
139,Emanuele Pirro,pirro,,,Italian
140,Stefan Johansson,johansson,,,Swedish
141,Julian Bailey,bailey,,,British
142,Pedro Chaves,chaves,,,Portuguese
143,Michael Bartels,bartels,,,German
144,Naoki Hattori,hattori,,,Japanese
145,Alessandro Nannini,nannini,,,Italian
146,Bernd Schneider,schneider,,,German
147,Paolo Barilla,barilla,,,Italian
148,Gregor Foitek,foitek,,,Swiss
149,Claudio Langes,langes,,,Italian
150,Gary Brabham,gary_brabham,,,Australian
151,Martin Donnelly,donnelly,,,British
152,Bruno Giacomelli,giacomelli,,,Italian
153,Jaime Alguersuari,alguersuari,ALG,,Spanish
154,Romain Grosjean,grosjean,GRO,8.0,French
155,Kamui Kobayashi,kobayashi,KOB,10.0,Japanese
156,Jonathan Palmer,palmer,,,British
157,Christian Danner,danner,,,German
158,Eddie Cheever,cheever,,,American
159,Luis Pérez-Sala,sala,,,Spanish
160,Piercarlo Ghinzani,ghinzani,,,Italian
161,Volker Weidler,weidler,,,German
162,Pierre-Henri Raphanel,raphanel,,,French
163,René Arnoux,arnoux,,,French
164,Joachim Winkelhock,joachim_winkelhock,,,German
165,Oscar Larrauri,larrauri,,,Argentine
166,Philippe Streiff,streiff,,,French
167,Adrián Campos,campos,,,Spanish
168,Jean-Louis Schlesser,schlesser,,,French
169,Pascal Fabre,fabre,,,French
170,Teo Fabi,fabi,,,Italian
171,Franco Forini,forini,,,Swiss
172,Jacques Laffite,laffite,,,French
173,Elio de Angelis,angelis,,,Italian
174,Johnny Dumfries,dumfries,,,British
175,Patrick Tambay,tambay,,,French
176,Marc Surer,surer,,,Swiss
177,Keke Rosberg,keke_rosberg,,,Finnish
178,Alan Jones,jones,,,Australian
179,Huub Rothengatter,rothengatter,,,Dutch
180,Allen Berg,berg,,,Canadian
181,Manfred Winkelhock,manfred_winkelhock,,,German
182,Niki Lauda,lauda,,,Austrian
183,François Hesnault,hesnault,,,French
184,Mauro Baldi,baldi,,,Italian
185,Stefan Bellof,bellof,,,German
186,Kenny Acheson,acheson,,,British
187,John Watson,watson,,,British
188,Johnny Cecotto,cecotto,,,Venezuelan
189,Jo Gartner,gartner,,,Austrian
190,Corrado Fabi,corrado_fabi,,,Italian
191,Mike Thackwell,thackwell,,,New Zealander
192,Chico Serra,serra,,,Brazilian
193,Danny Sullivan,sullivan,,,American
194,Eliseo Salazar,salazar,,,Chilean
195,Roberto Guerrero,guerrero,,,Colombian
196,Raul Boesel,boesel,,,Brazilian
197,Jean-Pierre Jarier,jarier,,,French
198,Jacques Villeneuve Sr.,villeneuve_sr,,,Canadian
199,Carlos Reutemann,reutemann,,,Argentine
200,Jochen Mass,mass,,,German
201,Slim Borgudd,borgudd,,,Swedish
202,Didier Pironi,pironi,,,French
203,Gilles Villeneuve,gilles_villeneuve,,,Canadian
204,Riccardo Paletti,paletti,,,Italian
205,Brian Henton,henton,,,British
206,Derek Daly,daly,,,Irish
207,Mario Andretti,mario_andretti,,,American
208,Emilio de Villota,villota,,,Spanish
209,Geoff Lees,lees,,,British
210,Tommy Byrne,byrne,,,Irish
211,Rupert Keegan,keegan,,,British
212,Hector Rebaque,rebaque,,,Mexican
213,Beppe Gabbiani,gabbiani,,,Italian
214,Kevin Cogan,cogan,,,American
215,Miguel Ángel Guerra,guerra,,,Argentine
216,Siegfried Stohr,stohr,,,Italian
217,Ricardo Zunino,zunino,,,Argentine
218,Ricardo Londoño,londono,,,Colombian
219,Jean-Pierre Jabouille,jabouille,,,French
220,Giorgio Francia,francia,,,Italian
221,Patrick Depailler,depailler,,,French
222,Jody Scheckter,scheckter,,,South African
223,Clay Regazzoni,regazzoni,,,Swiss
224,Emerson Fittipaldi,emerson_fittipaldi,,,Brazilian
225,Dave Kennedy,kennedy,,,Irish
226,Stephen South,south,,,British
227,Tiff Needell,needell,,,British
228,Desiré Wilson,desire_wilson,,,South African
229,Harald Ertl,ertl,,,Austrian
230,Vittorio Brambilla,brambilla,,,Italian
231,James Hunt,hunt,,,British
232,Arturo Merzario,merzario,,,Italian
233,Hans-Joachim Stuck,stuck,,,German
234,Gianfranco Brancatelli,brancatelli,,,Italian
235,Jacky Ickx,ickx,,,Belgian
236,Patrick Gaillard,gaillard,,,French
237,Alex Ribeiro,ribeiro,,,Brazilian
238,Ronnie Peterson,peterson,,,Swedish
239,Brett Lunger,lunger,,,American
240,Danny Ongais,ongais,,,American
241,Lamberto Leoni,leoni,,,Italian
242,Divina Galica,galica,,,British
243,Rolf Stommelen,stommelen,,,German
244,Alberto Colombo,colombo,,,Italian
245,Tony Trimmer,trimmer,,,British
246,Hans Binder,binder,,,Austrian
247,Michael Bleekemolen,bleekemolen,,,Dutch
248,Carlo Franchi,gimax,,,Italian
249,Bobby Rahal,rahal,,,American
250,Carlos Pace,pace,,,Brazilian
251,Ian Scheckter,ian_scheckter,,,South African
252,Tom Pryce,pryce,,,British
253,Ingo Hoffmann,hoffmann,,,Brazilian
254,Renzo Zorzi,zorzi,,,Italian
255,Gunnar Nilsson,nilsson,,,Swedish
256,Larry Perkins,perkins,,,Australian
257,Boy Lunger,hayje,,,Dutch
258,Patrick Nève,neve,,,Belgian
259,David Purley,purley,,,British
260,Conny Andersson,andersson,,,Swedish
261,Bernard de Dryver,dryver,,,Belgian
262,Jackie Oliver,oliver,,,British
263,Mikko Kozarowitzky,kozarowitzky,,,Finnish
264,Andy Sutcliffe,sutcliffe,,,British
265,Guy Edwards,edwards,,,British
266,Brian McGuire,mcguire,,,Australian
267,Vern Schuppan,schuppan,,,Australian
268,Hans Heyer,heyer,,,German
269,Teddy Pilette,pilette,,,Belgian
270,Ian Ashley,ashley,,,British
271,Loris Kessel,kessel,,,Swiss
272,Kunimitsu Takahashi,takahashi,,,Japanese
273,Kazuyoshi Hoshino,hoshino,,,Japanese
274,Noritake Takahara,takahara,,,Japanese
275,Lella Lombardi,lombardi,,,Italian
276,Bob Evans,evans,,,British
277,Michel Leclère,leclere,,,French
278,Chris Amon,amon,,,New Zealander
279,Emilio Zapico,zapico,,,Spanish
280,Henri Pescarolo,pescarolo,,,French
281,Jac Nelleman,nelleman,,,Danish
282,Damien Magee,magee,,,British
283,Mike Wilds,wilds,,,British
284,Alessandro Pesenti-Rossi,pesenti_rossi,,,Italian
285,Otto Stuppacher,stuppacher,,,Austrian
286,Warwick Brown,brown,,,Australian
287,Masahiro Hasemi,hasemi,,,Japanese
288,Mark Donohue,donohue,,,American
289,Graham Hill,hill,,,British
290,Wilson Fittipaldi,wilson_fittipaldi,,,Brazilian
291,Guy Tunmer,tunmer,,,South African
292,Eddie Keizan,keizan,,,South African
293,Dave Charlton,charlton,,,South African
294,Tony Brise,brise,,,British
295,Roelof Wunderink,wunderink,,,Dutch
296,François Migault,migault,,,French
297,Torsten Palm,palm,,,Swedish
298,Gijs van Lennep,lennep,,,Dutch
299,Hiroshi Fushida,fushida,,,Japanese
300,John Nicholson,nicholson,,,New Zealander
301,Dave Morgan,morgan,,,British
302,Jim Crawford,crawford,,,British
303,Jo Vonlanthen,vonlanthen,,,Swiss
304,Denny Hulme,hulme,,,New Zealander
305,Mike Hailwood,hailwood,,,British
306,Jean-Pierre Beltoise,beltoise,,,French
307,Howden Ganley,ganley,,,New Zealander
308,Richard Robarts,robarts,,,British
309,Peter Revson,revson,,,American
310,Paddy Driver,driver,,,South African
311,Tom Belsø,belso,,,Danish
312,Brian Redman,redman,,,British
313,Rikky von Opel,opel,,,Liechtensteiner
314,Tim Schenken,schenken,,,Australian
315,Gérard Larrousse,larrousse,,,French
316,Leo Kinnunen,kinnunen,,,Finnish
317,Reine Wisell,wisell,,,Swedish
318,Bertil Roos,roos,,,Swedish
319,José Dolhem,dolhem,,,French
320,Peter Gethin,gethin,,,British
321,Derek Bell,bell,,,British
322,David Hobbs,hobbs,,,British
323,Dieter Quester,quester,,,Austrian
324,Helmuth Koinigg,koinigg,,,Austrian
325,Carlo Facetti,facetti,,,Italian
326,Eppie Wietzes,wietzes,,,Canadian
327,François Cevert,cevert,,,French
328,Jackie Stewart,stewart,,,British
329,Mike Beuttler,beuttler,,,British
330,Nanni Galli,galli,,,Italian
331,Luiz Bueno,bueno,,,Brazilian
332,George Follmer,follmer,,,American
333,Andrea de Adamich,adamich,,,Italian
334,Jackie Pretorius,pretorius,,,South African
335,Roger Williamson,williamson,,,British
336,Graham McRae,mcrae,,,New Zealander
337,Helmut Marko,marko,,,Austrian
338,David Walker,walker,,,Australian
339,Alex Soler-Roig,roig,,,Spanish
340,John Love,love,,,Rhodesian
341,John Surtees,surtees,,,British
342,Skip Barber,barber,,,American
343,Bill Brack,brack,,,Canadian
344,Sam Posey,posey,,,American
345,Pedro Rodríguez,rodriguez,,,Mexican
346,Jo Siffert,siffert,,,Swiss
347,Jo Bonnier,bonnier,,,Swedish
348,François Mazet,mazet,,,French
349,Max Jean,jean,,,French
350,Vic Elford,elford,,,British
351,Silvio Moser,moser,,,Swiss
352,George Eaton,eaton,,,Canadian
353,Pete Lovely,lovely,,,American
354,Chris Craft,craft,,,British
355,John Cannon,Cannoc,,,Canadian
356,Jack Brabham,jack_brabham,,,Australian
357,John Miles,miles,,,British
358,Jochen Rindt,rindt,,,Austrian
359,Johnny Servoz-Gavin,gavin,,,French
360,Bruce McLaren,mclaren,,,New Zealander
361,Piers Courage,courage,,,British
362,Peter de Klerk,klerk,,,South African
363,Ignazio Giunti,giunti,,,Italian
364,Dan Gurney,gurney,,,American
365,Hubert Hahne,hahne,,,German
366,Gus Hutchison,hutchison,,,American
367,Peter Westbury,westbury,,,British
842,Pierre Gasly,gasly,GAS,10.0,French
807,Nico Hülkenberg,hulkenberg,HUL,27.0,German
808,Vitaly Petrov,petrov,PET,,Russian
810,Lucas di Grassi,grassi,DIG,,Brazilian
811,Bruno Senna,bruno_senna,SEN,,Brazilian
812,Karun Chandhok,chandhok,CHA,,Indian
813,Pastor Maldonado,maldonado,MAL,13.0,Venezuelan
814,Paul di Resta,resta,DIR,40.0,British
815,Sergio Pérez,perez,PER,11.0,Mexican
816,Jérôme d'Ambrosio,ambrosio,DAM,,Belgian
817,Daniel Ricciardo,ricciardo,RIC,3.0,Australian
818,Jean-Éric Vergne,vergne,VER,25.0,French
819,Charles Pic,pic,PIC,,French
820,Max Chilton,chilton,CHI,4.0,British
821,Esteban Gutiérrez,gutierrez,GUT,21.0,Mexican
822,Valtteri Bottas,bottas,BOT,77.0,Finnish
823,Giedo van der Garde,garde,VDG,,Dutch
824,Jules Bianchi,jules_bianchi,BIA,17.0,French
825,Kevin Magnussen,kevin_magnussen,MAG,20.0,Danish
826,Daniil Kvyat,kvyat,KVY,26.0,Russian
827,André Lotterer,lotterer,LOT,45.0,German
828,Marcus Ericsson,ericsson,ERI,9.0,Swedish
829,Will Stevens,stevens,STE,28.0,British
830,Max Verstappen,max_verstappen,VER,33.0,Dutch
831,Felipe Nasr,nasr,NAS,12.0,Brazilian
832,Carlos Sainz,sainz,SAI,55.0,Spanish
833,Roberto Merhi,merhi,MER,98.0,Spanish
834,Alexander Rossi,rossi,RSS,53.0,American
835,Jolyon Palmer,jolyon_palmer,PAL,30.0,British
836,Pascal Wehrlein,wehrlein,WEH,94.0,German
837,Rio Haryanto,haryanto,HAR,88.0,Indonesian
838,Stoffel Vandoorne,vandoorne,VAN,2.0,Belgian
839,Esteban Ocon,ocon,OCO,31.0,French
840,Lance Stroll,stroll,STR,18.0,Canadian
841,Antonio Giovinazzi,giovinazzi,GIO,99.0,Italian
843,Brendon Hartley,brendon_hartley,HAR,28.0,New Zealander
844,Charles Leclerc,leclerc,LEC,16.0,Monegasque
845,Sergey Sirotkin,sirotkin,SIR,35.0,Russian
846,Lando Norris,norris,NOR,4.0,British
847,George Russell,russell,RUS,63.0,British
848,Alexander Albon,albon,ALB,23.0,Thai
849,Nicholas Latifi,latifi,LAT,6.0,Canadian
850,Pietro Fittipaldi,pietro_fittipaldi,FIT,51.0,Brazilian
851,Jack Aitken,aitken,AIT,89.0,British
852,Yuki Tsunoda,tsunoda,TSU,22.0,Japanese
853,Nikita Mazepin,mazepin,MAZ,9.0,Russian
854,Mick Schumacher,mick_schumacher,MSC,47.0,German
855,Guanyu Zhou,zhou,ZHO,24.0,Chinese
856,Nyck de Vries,de_vries,DEV,21.0,Dutch
857,Oscar Piastri,piastri,PIA,81.0,Australian
858,Logan Sargeant,sargeant,SAR,2.0,American
859,Liam Lawson,lawson,LAW,30.0,New Zealander
860,Oliver Bearman,bearman,BEA,38.0,British
861,Franco Colapinto,colapinto,COL,43.0,Argentinian 
862,Jack Doohan,doohan,DOO,61.0,Australian
863,Andrea Kimi Antonelli,antonelli,ANT,12.0,Italian
864,Gabriel Bortoleto,bortoleto,BOR,5.0,Brazilian
865,Isack Hadjar,hadjar,HAD,6.0,French
866,Arvid Lindblad,arvid_lindblad,LIN,41.0,British
